cpg,chr,position,seq,seq_mut,mut_cot
cg14817997,chr1,10525,CTAACCCCTAACCCTAACCCTAACCCTACCCTAACCCTAACCCTAACCCTAACCCTAACCCTAACCCCTAACCCCTAACCCTAACCCTAACCCTAACCCTAACCCTAACCCTAACCCCTAACCCTAACCCTAACCCTAACCCTCGCGGTACCCTCAGCCGGCCCGCCCGCCCGGGTCTGACCTGAGGAGAACTGTGCTCCGCCTTCAGAGTACCACCGAAATCTGTGCAGAGGACAACGCAGCTCCGCCCTCGCGGTGCTCTCCGGGTCTGTGCTGAGGAGAACGCAACTCCGCCGTTGCAAAGGCGCGCCGCGCCGGCGCAGGCGCAGAGAGGCGCGCCGCGCCGGCGCAGGCGCAGAGAGGCGCGCCGCGCCGGCGCAGGCGCAGAGAGGCGCGCCGC,CTAACCCCTAACCCTAACCCTAACCCTACCCTAACCCTAACCCTAACCCTAACCCTAACCCTAACCCCTAACCCCTAACCCTAACCCTAACCCTAACCCTAACCCTAACCCTAACCCCTAACCCTAACCCTAACCCTAACCCTCGCGGTACCCTCAGCCGGCCCGCCCGCCCGGGTCTGACCTGAGGAGAACTGTGCTCCGCCTTCAGAGTACCACCGAAATCTGTGCAGAGGACAACGCAGCTCCGCCGTCGCGGTGCTCTCCGGGTCTGTGCTGAGGAGAATGCAACTCCGCCGTTGCAAAGGCGCGCCGCGCCGGCGCAGGCGCAGAGAGGCGCGCCGCGCCGGCGCAGGCGCAGAGAGGCGCGCCGCGCCGGCGCAGGCGCAGAGAGGCGCGCCGC,2.0
cg26928153,chr1,10848,GCGCAGAGAGGCGCGCCGCGCCGGCGCAGGCGCAGAGAGGCGCGCCGCGCCGGCGCAGGCGCAGAGAGGCGCGCCGCGCCGGCGCAGGCGCAGAGAGGCGCGCCGCGCCGGCGCAGGCGCAGAGAGGCGCGCCGCGCCGGCGCAGGCGCAGACACATGCTAGCGCGTCGGGGTGGAGGCGTGGCGCAGGCGCAGAGAGGCGCGCCGCGCCGGCGCAGGCGCAGAGACACATGCTACCGCGTCCAGGGGTGGAGGCGTGGCGCAGGCGCAGAGAGGCGCACCGCGCCGGCGCAGGCGCAGAGACACATGCTAGCGCGTCCAGGGGTGGAGGCGTGGCGCAGGCGCAGAGACGCAAGCCTACGGGCGGGGGTTGGGGGGGCGTGTGTTGCAGGAGCAAAGTC,,
cg16269199,chr1,10850,GCAGAGAGGCGCGCCGCGCCGGCGCAGGCGCAGAGAGGCGCGCCGCGCCGGCGCAGGCGCAGAGAGGCGCGCCGCGCCGGCGCAGGCGCAGAGAGGCGCGCCGCGCCGGCGCAGGCGCAGAGAGGCGCGCCGCGCCGGCGCAGGCGCAGACACATGCTAGCGCGTCGGGGTGGAGGCGTGGCGCAGGCGCAGAGAGGCGCGCCGCGCCGGCGCAGGCGCAGAGACACATGCTACCGCGTCCAGGGGTGGAGGCGTGGCGCAGGCGCAGAGAGGCGCACCGCGCCGGCGCAGGCGCAGAGACACATGCTAGCGCGTCCAGGGGTGGAGGCGTGGCGCAGGCGCAGAGACGCAAGCCTACGGGCGGGGGTTGGGGGGGCGTGTGTTGCAGGAGCAAAGTCGC,,
cg13869341,chr1,15865,CCCTAGGGGAAGCAGGGGCCAGCTGGCAAGAGCAGGGGGTGGGCAGAAAGCACCCGGTGGACTCAGGGCTGGAGGGGAGGAGGCGATCTTGCCCAAGGCCCTCCGACTGCAAGCTCCAGGGCCCGCTCACCTTGCTCCTGCTCCTTCTGCTGCTGCTTCTCCAGCTTTCGCTCCTTCATGCTGCGCAGCTTGGCCTTGCCGATGCCCCCAGCTTGGCGGATGGACTCTAGCAGAGTGGCCAGCCACCGGAGGGGTCAACCACTTCCCTGGGAGCTCCCTGGACTGGAGCCGGGAGGTGGGGAACAGGGCAAGGAGGAAAGGCTGCTCAGGCAGGGCTGGGGAAGCTTACTGTGTCCAAGAGCCTGCTGGGAGGGAAGTCACCTCCCCTCAAACGAGGAGC,,2.0
cg14008030,chr1,18827,TACATGCTATCTGAAGGACAGCCTCCAGGGCACACAGAGGATGGTATTTACACATGCACACATGGCTACTGATGGGGCAAGCACTTCACAACCCCTCATGATCACGTGCAGCAGACAATGTGGCCTCTGCAGAGGGGGAACGGAGACCGGAGGCTGAGACTGGCAAGGCTGGACCTGAGTGTCGTCACCTAAATTCAGACGGGGAACTGCCCCTGCACATACTGAACGGCTCACTGAGCAAACCCCGAGTCCCGACCACCGCCTCAGTGTGGTCTAGCTCCTCACCTGCTTCCATCCTCCCTGGTGCGGGGTGGGCCCAGTGATATCAGCTGCCTGCTGTTCCCCAGATGTGCCAAGTGCATTCTTGTGTGCTTGCATCTCATGGAACGCCATTTCCCCA,,
cg12045430,chr1,29407,TCAGGAACGGTCCCGGGCCTCCCGCCCGCCTCCCTCCAGCCCCTCCGGGTCCCCTACTTCGCCCCGCCAGGCCCCCACGACCCTACTTCCCGCGGCCCCGGACGCCTCCTCACCTGCGAGCCGCCCTCCCGGAAGCTCCCGCCGCCGCTTCCGCTCTGCCGGAGCCGCTGGGTCCTAGCCCCGCCGCCCCCAGTCCGCCCGCGCCTCCGGGTCCTAACGCCGCCGCTCGCCCTCCACTGCGCCCTCCCCGAGCGCGGCTCCAGGACCCCGTCGACCCGGAGCGCTGTCCTGTCGGGCCGAGTCGCGGGCCTGGGCACGGAACTCACGCTCACTCCGAGCTCCCGACGTGCACACGGCTCCCATGCGTTGTCTTCCGAGCGTCAGGCCGCCCCTACCCGTG,,
cg20826792,chr1,29425,CTCCCGCCCGCCTCCCTCCAGCCCCTCCGGGTCCCCTACTTCGCCCCGCCAGGCCCCCACGACCCTACTTCCCGCGGCCCCGGACGCCTCCTCACCTGCGAGCCGCCCTCCCGGAAGCTCCCGCCGCCGCTTCCGCTCTGCCGGAGCCGCTGGGTCCTAGCCCCGCCGCCCCCAGTCCGCCCGCGCCTCCGGGTCCTAACGCCGCCGCTCGCCCTCCACTGCGCCCTCCCCGAGCGCGGCTCCAGGACCCCGTCGACCCGGAGCGCTGTCCTGTCGGGCCGAGTCGCGGGCCTGGGCACGGAACTCACGCTCACTCCGAGCTCCCGACGTGCACACGGCTCCCATGCGTTGTCTTCCGAGCGTCAGGCCGCCCCTACCCGTGCTTTCTGCTCTGCAGACC,,
cg20253340,chr1,68849,TTTCATTTTGGCCTATTTTTTTCTCTTAAGAACTTTAATATCACCAAATAACATGTGTGCTACAAACTGTTTTGTAGTTCAAAGAAAAAGGAGATAAACATAGAGTTATGGCATAGACTTAATCTGGCAGAGAGACAAGCATAAATAATGGTATTTTATATTAGGAATAAACCTAACATTAATGGAGACACTGAGAAGCCGAGATAACTGAATTATAAGGCATAGCCAGGGAAGTAGTGCGAGATAGAATTATGATCTTGTTGAATTCTGAATGTCTTTAAGTAATAGATTATAGAAAGTCACTGTAAGAGTGAGCAGAATGATATAAAATGAGGCTTTGAATTTGAATATAATAATTCTGACTTCCTTCTCCTTCTCTTCTTCAAGGTAACTGCAGAGG,,
cg02404219,chr1,68889,TCACCAAATAACATGTGTGCTACAAACTGTTTTGTAGTTCAAAGAAAAAGGAGATAAACATAGAGTTATGGCATAGACTTAATCTGGCAGAGAGACAAGCATAAATAATGGTATTTTATATTAGGAATAAACCTAACATTAATGGAGACACTGAGAAGCCGAGATAACTGAATTATAAGGCATAGCCAGGGAAGTAGTGCGAGATAGAATTATGATCTTGTTGAATTCTGAATGTCTTTAAGTAATAGATTATAGAAAGTCACTGTAAGAGTGAGCAGAATGATATAAAATGAGGCTTTGAATTTGAATATAATAATTCTGACTTCCTTCTCCTTCTCTTCTTCAAGGTAACTGCAGAGGCTATTTCCTGGAATGAATCAACGAGTGAAACGAATAACTC,,
cg21870274,chr1,69591,GTGGGAGTGAGATGGTGATCCTCATAGCCATGGGCTTTGACAGATATATAGCAATATGCAAGCCCCTACACTACACTACAATTATGTGTGGCAACGCATGTGTCGGCATTATGGCTGTCACATGGGGAATTGGCTTTCTCCATTCGGTGAGCCAGTTGGCGTTTGCCGTGCACTTACTCTTCTGTGGTCCCAATGAGGTCGATAGTTTTTATTGTGACCTTCCTAGGGTAATCAAACTTGCCTGTACAGATACCTACAGGCTAGATATTATGGTCATTGCTAACAGTGGTGTGCTCACTGTGTGTTCTTTTGTTCTTCTAATCATCTCATACACTATCATCCTAATGACCATCCAGCATCGCCCTTTAGATAAGTCGTCCAAAGCTCTGTCCACTTTGAC,,
cg03130891,chr1,91550,GTTGCTTGACCCACAGATGTGAAGCTGAGGCTGAAGGAGACTGATGTGGTTTCTCCTCAGTTTCTCTGTGTGGCACCAGGTGGCAGCAGAGGTCAGCAAGGCAAACCCGAGCCCAGGGATGCGGGGTGGGGGCAGGTACATCCTCTCTTGAGCTACAGCAGATTAACTCTGTTCTGTTTCATTGTGGTTGTTTAGTTTGCGTTTTTTTTTCTCCAACTTTGTGCTTCATCGGGAAAAGCTTTGGATCACAATTCCCAGTGCTGAAGAAAAGGCCAAACTCTGGAAAAAATTTGAATATTTTGAGCCAAATGTGAGGACCACAACCTGTGAGAACGGAAAATAAATCCTGGGACCCCAGACTCACTAAGCCAAAGGGAAAAGCCAAGCTGGGAACTGGCTT,GTTGCTTTACCCACAGATGTGAAGCTGAGGCTGAAGGAGACTGATGTGGTTTCTCCTCAGTTTCTCTGTGTGGCACCAGGTGGCAGCAGAGGTCAGCAAGGCAAACCCGAGCCCAGGGATGCGGGGTGGGGGCAGGTACATCCTCTCTTGAGCTACAGCAGATTAACTCTGTTCTGTTTCATTGTGGTTGTTTAGTTTGCGTTTTTTTTTCTCCAACTTTGTGCTTCATCGGGAAAAGCTTTGGATCACAATTCTCAGTGCTGAAGAAAAGGCCAAACTCTGGAAAAAATTTGAATATTTTGAGCCAAATGTGAGGACCACAACCTGTGAGAACGGAAAATAAATCCTGGGACCCCAGACTCACTAAGCCAAAGGGAAAAGCCAAGCTGGGAACTGGCTT,2.0
cg04098293,chr1,129332,TGATTTCTCCTTCCAGTTTTTTTTTCTCTTCCTCGAGCTTCCTTATCTCCTCCTGTTGAATCATTTTAAGATGCTCGAACTTGTCCTGCAGCTGTGAAACCAATGTGCAGTTGTGACACCAAAGCAGTGTGGCTGAACACCTAAAAGAATACGCTTTTTTTCTGATTATCAAACAAACCCAAATCATCACAGTAGACCACGATCTTAATAACAATCTCAAAAACTCAGGAGTAAACACTCAGATATGGAATTTTTCTTTTCTTTCTTTTTTCCTTTTATAAGATGGAGTCTCACTCTGTTGCCCAGGCTGGAGTGCACTGGTGCGATCTCAGCTCACTGCAACCTCCATCTCCCAGTTCAAGTGATTCTCCTGCCTCAGCCTCTTGAGTAGCTGGGACTA,,
cg16382250,chr1,129946,TCAAGTGATCCTCCCACCTCAGCTTCCCAAAGTGCTGGGACTGACTGGATGCAGTGGCTCATGCTTGTAAACTCAGCACTTTGGGAGGCCAAGGTGGGAGGATCGCTTGAGCCCAGGAGTTCAAGACCAGACTGGGTGATATAACACAATAGTCAACTTCAACAGGAGAGAGAATCTGTAAACTTGAATATAGATCTTCCGAAATTATCCAGTCAGTGGACAGAGAAAAAAAGAATAAAAGAGAGAAAAGAAGGCTGGGTGTGGTGGCTCAAGCCTGTAATCCCAACACTTTGGGAGGCCGAGGCAGGCAGATTAAGAGGTCAGGAGTTCAAGACCAGCCTGTCCAACATGACAAAGCCCCATCTCTACTAAAAATACAAAAATTAGCCGGGTGTGGTGG,,
cg24335620,chr1,135252,AAGAGGCCACTGGCAGGCAGGAGCTGGACCTGCCGAAGTGGCCGAAAGGCAGGAGCTTTGGACTGGGGAGGCCGCAGTGAGGCGAGAGCTAGCTGGGCGTGGAGAGTCCGCTGTGAGGCCGAGGCCGAGGCTGGGCCCGTGCAGGCCTTCGAGACGCAGGAGGCCGGGCCTGCAAAGGCCGACTGGAGATCAAGTTCTGCGCCTGAAGAGGCTGCCAAAAGTCAAAAGCGGGGCCTGGGAAGGCCGCCGAGAGCCATGAGCTGGGCTGGGCCGAAAGAGGCCACTGGGAGGCAGGAGGAGCTGGGCCTGGAGAGGCTGACTCGAGGAAGTTTTGCACCTGGAGAGGCCGTCGAGAGGACGGAGCTGGGCCCAGGGAGGCCGACTTGCTGCTCTTCCAGGC,AAGAGGCCACTGGCAGGCAGGAGCTGGACCTGCCGAAGTGGCCGAAAGGCAGGAGCTTTGGACTGGGGAGGCCGCAGTGAGGCGAGAGCTAGCTGGGCGTGGAGAGTCCGCTGTGAGGCCGAGGCCGAGGCTGGGCCCGTGCGGGCCTTCAAGACGCAGGAGGCCGGGCCTGCAAAGGCCGACTGGAGATCAAGTTCTGCGCCTGAAGAGGCTGCCAAAAGTCAAAAGCGGGGCCTGGGAAGGCCGCCGAGAGCCATGAGCTGGGCTGGGCCGAAAGAGGCCACTGGGAGGCAGGAGGAGCTGGGCCTGGAGAGGCTGACTCGAGGAAGTTTTGCACCTGGAGAGGCCGTCGAGAGGACGGAGCTGGGCCCAGGGAGGCCGACTTGCTGCTCTTCCAGGC,2.0
cg22463138,chr1,168956,ACTCCACCTCAAAAAAAACAAAAACAAAAACACAAGGTTAAGAGGGACCCCCGACCTTACAGATACAAGTTTAAGAGGGACCCCTAAGCAAAAAATGCCAACCCTTTTTCTCCCAATCATTGAAACACCAGGAGGGTGTAACAGTTTTGCAGCCTAGCTGTAGCAGGCTGATGCCCCCAAGATGCCCATATCCTAATCCCGGGAACTAGTGAACATGACCTTATATGGCAAAAGGAACTTTGCAGATATAATGAAGTTAAGGGTCTTTGGCTTTTGGGGTTGATGTACTCACTCGGATCCTTGTAAGAGCAGAGCAGGTGATGGAGAGGGTGGGAGGTGTAGTGACAGAAGCAGGAAACTCCAGTCATTCGAGACGGGCAGCACAAGCTGCGGAGTGCAG,,
cg16162899,chr1,449076,GTGGGAGTTGGAGCTCATGCTGGACTTCATGACTCACTCTTAACCAGCAGGACATGGAGAGGAAAACAGTCACTCTCCCGTGGGGAGACCTGGCAGGCCTCACCTTGGCCGTGTGATCAAGGTCCAGACCACCAGTGATGAGGCATGTTGACATCGTGGCCCCTGAGAGCACGTGATGAGAAGAGCGCTCCACCTCTGCCGTGTTCTTACGCAAACGCACAGTTCCAGTGTAATCAGAGAGAACATCACACACACACCAATTGAGGGGCATCTTGCAGAATACCTGAGCAGCACTCTGCAAAGCTGTCAAGGCAGTGAAACGAAGACAGGCCAGGAAAGGGTCACAGGTGCAGGGGACTAAGGAGGCGTGAGGGCCAGTGCAGCCTGGGGTCCTGGACGT,,
cg01803908,chr1,529821,TGTTTTCTTCCAAATTGTGCTGCACGTTTTTGGCGAGAGCATGGGGCTGTGCGGCGTCCCCTCCCTGGCGCCCACCTGTGCCCTGCACACTGGCCTGCACTGTGGTGATCTCGCTTGGCCCCCACCTGATTCCTGACATACAGCAGAGGAAGCTTAGGCTCAGGTGGAACAGCCTCAACTGATTCAGTCCCTGAACTTCCGTACACAGCCCTGGAGTCGTCTTAGAGCCATGATTTATTTAACTGTTCTTTCATTTTACAGAACATAAAATGTATTGTTTCCAACTTTTTTCCTATGGTAAATAATACTAAAGTAAATATCTCTGTGCATGAATCTTTTTGTATATGTTGGAATATCCTTAAGATAAGGCCCCAGAACTAAAAGTACCCTGTCAAAGGGT,,3.0
cg17149495,chr1,530959,CCTCAAGGTCCTCATCTGGACACCAGTGGGGTTAGGGGCTGAGGCACATCAGCACTAAGCAGGAGAGCTCATCGTTGCCATGCATCAGCTGTGGCTCTAGAGCCGAGACGCTCCCAGCTGTGTAGGCTTCCCAGCAGTGCAGACCCCTCTCTAGAGCCGAGATGCTCCCGGCAGTGCAGGCCCCTCTCTAGAGCCGAGACGCTCCCGGCCGTGTAGGCCCCTCTAGAGCCAAGACGCTGCAGGGTTAATCAGGGCTGCCCAACAGTCCATCCCCTCTTCTCTCTCTGAAATCAAGAAACATTCCGAATTCCAAAATGCAACTGGTCCCAAGTGTTTCAGTTAAGGGACTGTGGCCCTGTGTAATGCCAGGCAGTGACAAGGACTGTGACTGGGAGCCATC,,
cg22802167,chr1,533950,CGACACTCACGCGGGTGCCGTCTCAGCAGCTCACGGTGTGGAAACTGCGACACTCACGCGGGTGCCGTCTCAGCAGCTCACGGTGTGGAAACTGCGACACTCACGCGGGTGCCGTCTCAGCAGCTCACGGTGTGGAAACTGCGACACTCACGCGGGTGCCGTCTCAGCAGCTCACGGTGTGGAAACTGCGACACTCACGCGGGTGCCGTCTCAGCAGCTCACGGTGTGGAAACTGCGACACTCACACGGGTGCCGTCTCAGCAGCTCACGGTGTGGAAACTGCGACACTCACGCGGGTGCCGTCTCAGCAGCTCACGGTGTGGAAACTGCGACACTCACGCGGGTGCCGTCTCAGCAGCTCACGTCCAGGACCCCAGGCTGCACTGGCCCTCACGCCTCC,,
cg24669183,chr1,534242,GCGGGTGCCGTCTCAGCAGCTCACGGTGTGGAAACTGCGACACTCACGCGGGTGCCGTCTCAGCAGCTCACGTCCAGGACCCCAGGCTGCACTGGCCCTCACGCCTCCTTAGTCCCCTGCACCTGTGACCCTTTCCTGGCCTGTCTTCGCTTCACCGCCTTGACAGCTTTGCAGAGTGCTGCTCAGGTATTCTGCAAGACGCCCCTCAATTGGTGTGTGTGTGATGTTCTCTCTGATTACATTGGAACTGTGCGTTTGCGGAAGAACACGGCGGGGGGGGGGGCGGCGCTCTTCTCATCACGTGCTCTCAGGGGCCACGATGTCAACATGCCTCATCACTGGTGGTCTGGACCTTGATCACACGGCCAAGGTGAGGCCTGCCAGGTCTCCCCACGGGAGA,,
cg17308840,chr1,542758,TTTTCTTGCAGATTGAGAAGGGATAGGGAGGAGTTTAGGGAAGTGAGTGAAGCAGGAAGATGTTGACCAAGGGAAGTTAATTCCATAAAGAGGAGGATGAGGGGACAGAAAGGCAGGAGGAAGAGGAGGAGGAGAATCTTTGCACAGGGGGTGTCAGCTGATGGGGGCAGCATGGGTGCCCATGGAGCCCTTTAGGGGTCGTTGGTTGTGTGCAGAGAGGCCACAGCAGGCGAGGCAGGCAGTGTCTACCACCCCCAAGGAGACACCAAGAATCCCTGTCCTTAGGAAGTCCCCTCTTCCTCCTCTTGAGTCTCATCTCGGAAAGAGGGAGCTGTCAGTCAGAGCTCAGGCCAAACACTGGGGCTAATAGGGGTGAGAGCAGGGACCTGTGGGGTCCTCA,,
cg17866181,chr1,546984,AGTTCATGGGTGTGATGGGGTGTGTGCTGTGTGAGAACGTGTGTGTAGTGTCCACATGTCCTCTGTGCGTGAGTCCCTGTGTGTGATGTTGTGTTCTTGGTGTGAGTTCATGGGTGTGACGGGGTGTGCTGTGTGAGAACGTGTGTGTAGTGTTCACATGTCCTCTGTGCGTGAGTCCCCGTGTGTGATGTTGTGTTCTCGGTGTGAGTTCATGGGTGTGACGGGGTGTGTGCTGTGTGAGAACGTGTGTGTAGTGTCCACATGTCCTCTGTGCGTGAGTCCCCGTGTGTGATGTTGTGTTCTCGGTGTGAGTTCATGGGTGTGACGGGGTGTGTGCTGTGTGAGAACGTGTGTGTAGTGTCCACATGTCCTCTGTGCGTGAGTCCCTGTGTGTGATGTT,,3.0
cg25018832,chr1,564471,ATCACATTCCCTTCACAACTTACTCACCAGATCAGACTTTGAGCTCTCCTCCTGGCTTAGCCTGGATCGTTTGAAATGGTCATCCATCCTTTGGCCCCAATACCTAAACTAAGGTCTATGAACAATAAGATGATTTTCTTCAGTGGGACTTTTTTGTTTAATATATTAGATTTGACCTTCAGCAAGGTCAAAGGGAGTCCGAACTAGTCTCAGGCTTCAACATCGAATACGCCGCAGGCCCCTTCGCCCTATTCTTCATAGCCGAATACACAAACATTATTATAATAAACACCCTCACCACTACAATCTTCCTAGGAACAACATATAACGCACTCTCCCCTGAACTCTACACAACATATTTTGTCACCAAGACCCTACTTCTGACCTCCCTGTTCTTATG,,1.0
cg26679879,chr1,564501,ATCAGACTTTGAGCTCTCCTCCTGGCTTAGCCTGGATCGTTTGAAATGGTCATCCATCCTTTGGCCCCAATACCTAAACTAAGGTCTATGAACAATAAGATGATTTTCTTCAGTGGGACTTTTTTGTTTAATATATTAGATTTGACCTTCAGCAAGGTCAAAGGGAGTCCGAACTAGTCTCAGGCTTCAACATCGAATACGCCGCAGGCCCCTTCGCCCTATTCTTCATAGCCGAATACACAAACATTATTATAATAAACACCCTCACCACTACAATCTTCCTAGGAACAACATATAACGCACTCTCCCCTGAACTCTACACAACATATTTTGTCACCAAGACCCTACTTCTGACCTCCCTGTTCTTATGAATTCGAACAGCATACCCCCGATTCCGCTA,,1.0
cg22519184,chr1,564504,AGACTTTGAGCTCTCCTCCTGGCTTAGCCTGGATCGTTTGAAATGGTCATCCATCCTTTGGCCCCAATACCTAAACTAAGGTCTATGAACAATAAGATGATTTTCTTCAGTGGGACTTTTTTGTTTAATATATTAGATTTGACCTTCAGCAAGGTCAAAGGGAGTCCGAACTAGTCTCAGGCTTCAACATCGAATACGCCGCAGGCCCCTTCGCCCTATTCTTCATAGCCGAATACACAAACATTATTATAATAAACACCCTCACCACTACAATCTTCCTAGGAACAACATATAACGCACTCTCCCCTGAACTCTACACAACATATTTTGTCACCAAGACCCTACTTCTGACCTCCCTGTTCTTATGAATTCGAACAGCATACCCCCGATTCCGCTACGA,,1.0
cg11894324,chr1,564925,AAAAAACTTCCTACCACTCACCCTAGCATTACTTATATGATATGTCTCCATACCCATTACAATCTCCAGCATTCCCCCTCAAACCTAAGAAATATGTCTGATAAAAGAGTTACTTTGATAGAGTAAATAATAGGAGTTTAAATCCCCTTATTTCTAGGACTATGAGAATCGAACCCATCCCTGAGAATCCAAAATTCTCCGTGCCACCTATCACACCCCATCCTAAAGTAAGGTCAGCTAAATAAGCTATCGGGCCCATACCCCGAAAATGTTGGTTATATCCTTCCCGTACTAATTAATCCCCTGGCCCAACCCGTCATCTACTCTACCATCTTTGCAGGCACACTCATCACAGCGCTAAGCTCGCACTGATTTTTTACCTGAGTAGGCCTAGAAATAA,,
cg24159721,chr1,565170,GCTATCGGGCCCATACCCCGAAAATGTTGGTTATATCCTTCCCGTACTAATTAATCCCCTGGCCCAACCCGTCATCTACTCTACCATCTTTGCAGGCACACTCATCACAGCGCTAAGCTCGCACTGATTTTTTACCTGAGTAGGCCTAGAAATAAACATGCTAGCTTTTATTCCAGTTCTAACCAAAAAAATAAACCCTCGTTCCACAGAAGCTGCCATCAAGTATTTCCTCACGCAAGCAACCGCATCCATAATCCTTCTAATAGCTATCCTCTTCAACAATATACTCTCCGGACAATGAACCATAACCAATACCACCAATCAATACTCATCATTAATAATCATAATGGCTATAGCAATAAAACTAGGAATAGCCCCCTTTCACTTCTGAGTCCCAGAG,,
cg02288058,chr1,565603,CTCCTTCTCACATGACAAAAACTAGCCCCCATCTCAATCATATACCAAATTTCTCCCTCATTAAACGTAAGCCTTCTCCTCACTCTTTCAATCTTATCCATCATGGCAGGCAGTTGAGGTGGATTAAACCAAACCCAACTACGCAAAATCTTAGCATACTCCTCAATTACCCACATAGGATGAATAACAGCAGTTCTACCGTACAACCCTAACATAACCATTCTTAATTTAACTATTTATATTATCCTAACTACTACCGCATTCCTACTACTCAACTTAAACTCCAGCACCACAACCCTACTACTATCTCGCACCTGAAACAAGCTAACATGACTAACACCCTTAATTCCATCCACCCTCCTCTCCCTAGGAGGCCTGCCCCCGCTAACCGGCTTTTTGC,,2.0
cg15174812,chr1,566172,ACACACAAAACCCACCCCATTCCTCCCCACACTCATCGCCCTTACCACACTGCTCCTACCTATCTCCCCTTTTATGCTAATAATCTTATAGAAATTTAGGTTAAATACAGACCAAGAGCCTTCAAAGCCCTCAGTAAGTTGCAATACTTAATTTCTGCAACAGCTAAGGACTGCAAAACCCCACTCTGCATCAACTGAACGCAAATCAGCCACTTTAATTAAGCTAAGCCCTTACTAGACCAATGGGACTTAAACCCACAAACACTTAGTTAACAGCTAAGCACCCTAATCAACTGGCTTCAATCTACTTCTCCCGCCGCCGGGAAAAAAGGCGGGAGAAGCCCCGGCAGGTTTGAAGCTGCTTCTTCGAATTTGCAATTCAATATGAAAATCACCTCAG,,
cg12376350,chr1,566459,AATCAACTGGCTTCAATCTACTTCTCCCGCCGCCGGGAAAAAAGGCGGGAGAAGCCCCGGCAGGTTTGAAGCTGCTTCTTCGAATTTGCAATTCAATATGAAAATCACCTCAGAGCTGGTAAAAAGAGGCTTAACCCCTGTCTTTAGATTTACAGTCCAATGCTTCACTCAGCCATTTTACCTCACCCCCACTGATGTTCGCCGACCGTTGACTATTCTCTACAAACCACAAAGACATTGGAACACTATACCTATTATTCGGCGCATGAGCTGGAGTCCTAGGCACAGCTCTAAGCCTCCTTATTCGAGCCGAACTGGGCCAGCCAGGCAACCTTCTAGGTAACGACCACATCTACAACGTTATCGTCACAGCCCATGCATTTGTAATAATCTTCTTCAT,,
cg08477687,chr1,566570,AGAGCTGGTAAAAAGAGGCTTAACCCCTGTCTTTAGATTTACAGTCCAATGCTTCACTCAGCCATTTTACCTCACCCCCACTGATGTTCGCCGACCGTTGACTATTCTCTACAAACCACAAAGACATTGGAACACTATACCTATTATTCGGCGCATGAGCTGGAGTCCTAGGCACAGCTCTAAGCCTCCTTATTCGAGCCGAACTGGGCCAGCCAGGCAACCTTCTAGGTAACGACCACATCTACAACGTTATCGTCACAGCCCATGCATTTGTAATAATCTTCTTCATAGTAATACCCATCATAATCGGAGGCTTTGGCAACTGACTAGTTCCCCTAATAATCGGTGCCCCCGATATGGCGTTTCCCCGCATAAACAACATAAGCTTCTGACTCTTACC,,
cg00034556,chr1,566731,GGAGTCCTAGGCACAGCTCTAAGCCTCCTTATTCGAGCCGAACTGGGCCAGCCAGGCAACCTTCTAGGTAACGACCACATCTACAACGTTATCGTCACAGCCCATGCATTTGTAATAATCTTCTTCATAGTAATACCCATCATAATCGGAGGCTTTGGCAACTGACTAGTTCCCCTAATAATCGGTGCCCCCGATATGGCGTTTCCCCGCATAAACAACATAAGCTTCTGACTCTTACCCCCCTCTCTCCTACTCCTGCTTGCATCTGCTATAGTGGAGGCCGGCGCAGGAACAGGTTGAACAGTCTACCCTCCCTTGGCAGGGAACTACTCCCACCCTGGAGCCTCCGTAGACCTAACCATCTTCTCCTTACACCTAGCAGGTATCTCCTCTATCTTAG,,
cg00645010,chr1,567113,GTATCTCCTCTATCTTAGGAGCCATCAATTTCATCACAACAATTATTAATATAAAACCCCCTGCCATAACCCAATACCAAACGCCCCTTTTCGTCTGATCCGTCCTAATCACAGCAGTCTTACTTCTCCTATCTCTCCCAGTCCTAGCCGCTGGCATCACTATACTACTAACAGACCGTAACCTCAACACCACCTTCTTCGACCCAGCCGGAGGAGGAGACCCCATTCTATACCAACACCTATTCTGATTTTTCGGTCACCCTGAAGTTTATATTCTCATCCTACCAGGCTTCGGAATAATCTCCCATATTGTAACTTACTACTCCGGGAAAAAAAGAACCATTTGGATACATAGGTATGGTCTGAGCTATGATATCAATTGGCTTCCTAGGGTTTATCG,,
cg15394630,chr1,567206,TCTGATCCGTCCTAATCACAGCAGTCTTACTTCTCCTATCTCTCCCAGTCCTAGCCGCTGGCATCACTATACTACTAACAGACCGTAACCTCAACACCACCTTCTTCGACCCAGCCGGAGGAGGAGACCCCATTCTATACCAACACCTATTCTGATTTTTCGGTCACCCTGAAGTTTATATTCTCATCCTACCAGGCTTCGGAATAATCTCCCATATTGTAACTTACTACTCCGGGAAAAAAAGAACCATTTGGATACATAGGTATGGTCTGAGCTATGATATCAATTGGCTTCCTAGGGTTTATCGTGTGAGCACACCATATATTTACAGTAGGAATAGACGTAGACACACGAGCATATTTCACCTCCGCTACCATAATCATCGCTATCCCCACCGGCG,,
cg05001044,chr1,567312,CGACCCAGCCGGAGGAGGAGACCCCATTCTATACCAACACCTATTCTGATTTTTCGGTCACCCTGAAGTTTATATTCTCATCCTACCAGGCTTCGGAATAATCTCCCATATTGTAACTTACTACTCCGGGAAAAAAAGAACCATTTGGATACATAGGTATGGTCTGAGCTATGATATCAATTGGCTTCCTAGGGTTTATCGTGTGAGCACACCATATATTTACAGTAGGAATAGACGTAGACACACGAGCATATTTCACCTCCGCTACCATAATCATCGCTATCCCCACCGGCGTCAAAGTATTTAGCTGACTCGCCACACTCCACGGAAGCAATATGAAATGATCTGCTGCAGTGCTCTGAGCCCTAGGATTTATTTTTCTTTTCACCGTAGGTGGCCT,,
cg03344490,chr1,567348,ACACCTATTCTGATTTTTCGGTCACCCTGAAGTTTATATTCTCATCCTACCAGGCTTCGGAATAATCTCCCATATTGTAACTTACTACTCCGGGAAAAAAAGAACCATTTGGATACATAGGTATGGTCTGAGCTATGATATCAATTGGCTTCCTAGGGTTTATCGTGTGAGCACACCATATATTTACAGTAGGAATAGACGTAGACACACGAGCATATTTCACCTCCGCTACCATAATCATCGCTATCCCCACCGGCGTCAAAGTATTTAGCTGACTCGCCACACTCCACGGAAGCAATATGAAATGATCTGCTGCAGTGCTCTGAGCCCTAGGATTTATTTTTCTTTTCACCGTAGGTGGCCTGACTGGCATTGTATTAGCAAACTCATCACTAGACAT,,
cg17501828,chr1,567358,TGATTTTTCGGTCACCCTGAAGTTTATATTCTCATCCTACCAGGCTTCGGAATAATCTCCCATATTGTAACTTACTACTCCGGGAAAAAAAGAACCATTTGGATACATAGGTATGGTCTGAGCTATGATATCAATTGGCTTCCTAGGGTTTATCGTGTGAGCACACCATATATTTACAGTAGGAATAGACGTAGACACACGAGCATATTTCACCTCCGCTACCATAATCATCGCTATCCCCACCGGCGTCAAAGTATTTAGCTGACTCGCCACACTCCACGGAAGCAATATGAAATGATCTGCTGCAGTGCTCTGAGCCCTAGGATTTATTTTTCTTTTCACCGTAGGTGGCCTGACTGGCATTGTATTAGCAAACTCATCACTAGACATCGTACTACAC,,
cg11330075,chr1,567438,CGGGAAAAAAAGAACCATTTGGATACATAGGTATGGTCTGAGCTATGATATCAATTGGCTTCCTAGGGTTTATCGTGTGAGCACACCATATATTTACAGTAGGAATAGACGTAGACACACGAGCATATTTCACCTCCGCTACCATAATCATCGCTATCCCCACCGGCGTCAAAGTATTTAGCTGACTCGCCACACTCCACGGAAGCAATATGAAATGATCTGCTGCAGTGCTCTGAGCCCTAGGATTTATTTTTCTTTTCACCGTAGGTGGCCTGACTGGCATTGTATTAGCAAACTCATCACTAGACATCGTACTACACGACACGTACTACGTTGTAGCCCACTTCCACTATGTCCTATCAATAGGAGCTGTATTTGCCATCATAGGAGGCTTCATTCA,,
cg23917638,chr1,567501,TAGGGTTTATCGTGTGAGCACACCATATATTTACAGTAGGAATAGACGTAGACACACGAGCATATTTCACCTCCGCTACCATAATCATCGCTATCCCCACCGGCGTCAAAGTATTTAGCTGACTCGCCACACTCCACGGAAGCAATATGAAATGATCTGCTGCAGTGCTCTGAGCCCTAGGATTTATTTTTCTTTTCACCGTAGGTGGCCTGACTGGCATTGTATTAGCAAACTCATCACTAGACATCGTACTACACGACACGTACTACGTTGTAGCCCACTTCCACTATGTCCTATCAATAGGAGCTGTATTTGCCATCATAGGAGGCTTCATTCACTGATTTCCCCTATTCTCAGGCTACACCCTAGACCAAACCTACGCCAAAATCCATTTCGCTAT,,
cg18534458,chr2,42998,GAAAACCTACCTTTGTTCGTCTCAAGTTTTCTGAATCTTTCAAGAAATCCTAAAATGAATCCTTATAAATTTCAGCAGAAAAAGCACAGCTTAAATTCCTGCTTCCACATCTTCCAGAAGTTGCAGAACTGGTCTCAGAACAAGGGACTTCTGCAGGAAGTCAGAGGACCGCCCCACTGACCAGGTGTTCACACTCTGTCGTGGCTTTCCCTGCTGGTCTCCTCCAGTGGGAACACCAGTGCTGGGAGGTGGGGAGCTGTGAAGGGGCTAAGGTCATGAGCAGACACTGTTCCGGTGATCTGGAGAAAGCCCAGGCAACTCTGTTCTCCTCATACACCCCACCCCTGGTAGCCGGGCAGTAAGTCTCTGCATTGCAGTTTCAAAGAGGCCTGTGCTGTTT,,2.0
cg10889138,chr2,43812,TGGCTAATTCGAGATGGGAACCAGCCTGGGTCTGGAGGGATCAGAGCAGGCTGCTTTTATTTTTATGTTGTCAGGTTTTACTTTGGTTTCATTTGTATGCCACATTATTACCTCCCCACTATTTATACCACCAAGTCTACCTACTGCCTGCACATGCTATGGCTACCTGGAGGGAGCTTATTCATAAATTTACTTCTCACGTACTTCAATAGACAACTTTTTTTTGTTTGTTTTCCATTTCTGGGTTTCAGTCATGCAACACAGATTATTACTACACAGACTAGAAAATGTAGAGGTTGAAAACCATCCGCCTATCTCCCTTCTTTTTATGGACAAAGGACGCCTGGTCTATAGTGCAGGAATCATTTGCTAACATAAGACAGGCCCTTAATTCTGGTTT,,2.0
cg01109729,chr2,43953,TACTGCCTGCACATGCTATGGCTACCTGGAGGGAGCTTATTCATAAATTTACTTCTCACGTACTTCAATAGACAACTTTTTTTTGTTTGTTTTCCATTTCTGGGTTTCAGTCATGCAACACAGATTATTACTACACAGACTAGAAAATGTAGAGGTTGAAAACCATCCGCCTATCTCCCTTCTTTTTATGGACAAAGGACGCCTGGTCTATAGTGCAGGAATCATTTGCTAACATAAGACAGGCCCTTAATTCTGGTTTAGTGCTCTATCCACCAGACACTGTCCCTCCACGGACCTGGCCACTCTCCAAAGCTCCTGCCCTACACATGGTGCCATCATGGAAATACCCTTGCCAGCATTCATTCATCTCAGATCCAAAAGACAATTTGTGAAAACTACA,,1.0
cg07058971,chr2,45264,CTGTTTTCAGCTCAGGAAAGAATACTAGGGGTGTAAAACTGCTTTCTGGCAGCATTTTGGATTTCTCCTGTTTTCACAATAATAAGCCAAATGGGACATATTAATTTGCAGAATTGCCTTTCCAGGCAGCCAGACGCAGCAGACTCCTAAGGGCCTGGACCAGCAGGTGCCTGGATTGGTACCTTCTGCTCTTCAGCAGCGGGGGCTCAACTCACAAGCCTCTGCGTCAGTCTCTTGGGTCCCTTTCACACTGTAGCTCAAAATCGCACTCAATTCTAAGCAGCTGTAACTGGCCATCGCCCAGCTCGGTCACACTCACCAAGATTCACAGCCCCGCACACGGCCAGCCCCGCCCCCAGCCTTCTGGGCACACACCTCGGGTCCGGCTCTGCTCCTGGCT,,1.0
cg15237857,chr2,45511,ACACTGTAGCTCAAAATCGCACTCAATTCTAAGCAGCTGTAACTGGCCATCGCCCAGCTCGGTCACACTCACCAAGATTCACAGCCCCGCACACGGCCAGCCCCGCCCCCAGCCTTCTGGGCACACACCTCGGGTCCGGCTCTGCTCCTGGCTGGGGGTCTCCTTGGCCTTCTTACAGGTGTACAGCCACTTGATGATGCGGGCGTTCCTCTCGATGACCGAAGTGGTGCTGGGCACCTGCTCTATCAGCTCCTCCTCCTGCAGCCCCTCGTCGTCGCCGCCGCTGTGCCGGGAGAAGCCGCTGCCGGAGGTGGCGACGCTCACGCTGCGCACCTTGAGGGTCACACAGTCCGACCCCGCGGTGAAGTTCTCCCTCCCCAGGGCCTCCACCACCTCGGGG,,
cg16533785,chr2,45515,TGTAGCTCAAAATCGCACTCAATTCTAAGCAGCTGTAACTGGCCATCGCCCAGCTCGGTCACACTCACCAAGATTCACAGCCCCGCACACGGCCAGCCCCGCCCCCAGCCTTCTGGGCACACACCTCGGGTCCGGCTCTGCTCCTGGCTGGGGGTCTCCTTGGCCTTCTTACAGGTGTACAGCCACTTGATGATGCGGGCGTTCCTCTCGATGACCGAAGTGGTGCTGGGCACCTGCTCTATCAGCTCCTCCTCCTGCAGCCCCTCGTCGTCGCCGCCGCTGTGCCGGGAGAAGCCGCTGCCGGAGGTGGCGACGCTCACGCTGCGCACCTTGAGGGTCACACAGTCCGACCCCGCGGTGAAGTTCTCCCTCCCCAGGGCCTCCACCACCTCGGGGTCCA,,
cg19145730,chr2,46043,GGGACACTGGAGGGCGCCGCGGACCGCGCGGCTGGGGCTGGGGTCTCGGGGATTGCGGGGTCCGCCGCGGGGCCAGGAGTGGTCGGGACCGTCTCCGGGTTCCCGGCCTTGCCCTCGTCTCCCGTCCGGGGCACCGGCGCCTTGTCCTTACCCGGCCCCTGGAAGAGCTTCTTCACCAGGCTTGCCCTGGGGCCGTCGGCGCCCGATCCTCGCACGAATTCGCATTTCTGCCGGTAGATGATCAGCGAGTCCGGTCTCAACGGCTTCCGCGCAATAGCCCTGCGCGCCACCGGGGCCGGGGCGCGGGCCGGGGGCCCAGGGTCGTTCCCCGGGCACTTGATCGCCCCCGGGCCGCTGCCCTCGGAAGCGACGCCCCGGCCAGTCCCCGGCCGACCCCGCA,,
cg14255256,chr2,46465,CAGCCTCTCCACTGCGCTCCTGCGCGCCGGCCGCGCGGCGTCGGGGTCCCGGGTAGCCGCGGGGTCCCGGGGAAGGAGCCGCTCGTTCGGGGGCGCGCTCAGGGCCGCCAGGGCGCGCATCTTCGCGGGGAATGGACCGACCGGGGTTCCGGGTCCAGCGGAGACGCGCTCGAGTGGTAGAGCCAGTCAGTCCCAGGGCCGGTTCCGAAGTCCGCGCCGGGTGGGGAACGGCGCCCCAGTGCCCAGCTGCCCAGGCCCGGGGTTGGGGAGAACCGGAGTCTGCACCGATTGGCGAAACTCCCCAGTTCCCGCCCCTCCCGACCTCATCGCCCACACCGACTGGCACCGCCCCCGCCCCCGCCCGGTGCCCCGGCCCTGGCCGCGTCCCCGCATCCCCGCT,,3.0
cg01880096,chr2,46558,CGCGCTCAGGGCCGCCAGGGCGCGCATCTTCGCGGGGAATGGACCGACCGGGGTTCCGGGTCCAGCGGAGACGCGCTCGAGTGGTAGAGCCAGTCAGTCCCAGGGCCGGTTCCGAAGTCCGCGCCGGGTGGGGAACGGCGCCCCAGTGCCCAGCTGCCCAGGCCCGGGGTTGGGGAGAACCGGAGTCTGCACCGATTGGCGAAACTCCCCAGTTCCCGCCCCTCCCGACCTCATCGCCCACACCGACTGGCACCGCCCCCGCCCCCGCCCGGTGCCCCGGCCCTGGCCGCGTCCCCGCATCCCCGCTCGTCCCCGCCCGTCCCCGCCTCCTCACTCCCGCCCGGGCCCGCCTCCCTGGCCGCTCTCCGGGTGCCAGCGCCCGCCCTCACCTCGCGTCCGG,,3.0
cg09796908,chr2,46575,GGGCGCGCATCTTCGCGGGGAATGGACCGACCGGGGTTCCGGGTCCAGCGGAGACGCGCTCGAGTGGTAGAGCCAGTCAGTCCCAGGGCCGGTTCCGAAGTCCGCGCCGGGTGGGGAACGGCGCCCCAGTGCCCAGCTGCCCAGGCCCGGGGTTGGGGAGAACCGGAGTCTGCACCGATTGGCGAAACTCCCCAGTTCCCGCCCCTCCCGACCTCATCGCCCACACCGACTGGCACCGCCCCCGCCCCCGCCCGGTGCCCCGGCCCTGGCCGCGTCCCCGCATCCCCGCTCGTCCCCGCCCGTCCCCGCCTCCTCACTCCCGCCCGGGCCCGCCTCCCTGGCCGCTCTCCGGGTGCCAGCGCCCGCCCTCACCTCGCGTCCGGGGTCCCGGCCCTCACCT,,3.0
cg24968425,chr2,46593,GGAATGGACCGACCGGGGTTCCGGGTCCAGCGGAGACGCGCTCGAGTGGTAGAGCCAGTCAGTCCCAGGGCCGGTTCCGAAGTCCGCGCCGGGTGGGGAACGGCGCCCCAGTGCCCAGCTGCCCAGGCCCGGGGTTGGGGAGAACCGGAGTCTGCACCGATTGGCGAAACTCCCCAGTTCCCGCCCCTCCCGACCTCATCGCCCACACCGACTGGCACCGCCCCCGCCCCCGCCCGGTGCCCCGGCCCTGGCCGCGTCCCCGCATCCCCGCTCGTCCCCGCCCGTCCCCGCCTCCTCACTCCCGCCCGGGCCCGCCTCCCTGGCCGCTCTCCGGGTGCCAGCGCCCGCCCTCACCTCGCGTCCGGGGTCCCGGCCCTCACCTCCTGCCCGGTGCCGTCCC,,3.0
cg04252744,chr2,46700,CCAGTGCCCAGCTGCCCAGGCCCGGGGTTGGGGAGAACCGGAGTCTGCACCGATTGGCGAAACTCCCCAGTTCCCGCCCCTCCCGACCTCATCGCCCACACCGACTGGCACCGCCCCCGCCCCCGCCCGGTGCCCCGGCCCTGGCCGCGTCCCCGCATCCCCGCTCGTCCCCGCCCGTCCCCGCCTCCTCACTCCCGCCCGGGCCCGCCTCCCTGGCCGCTCTCCGGGTGCCAGCGCCCGCCCTCACCTCGCGTCCGGGGTCCCGGCCCTCACCTCCTGCCCGGTGCCGTCCCCGCCCCCCCTCACCTTCCGGCGGCGCTGCCAACCGCCTGGAGGACGCTGGGGCGAGCAGGCTCTGAACCCCCACTCGCTCAGCCCCAGATCCCCGAGGTCACTGCTG,,2.0
cg12937150,chr2,46706,CCCAGCTGCCCAGGCCCGGGGTTGGGGAGAACCGGAGTCTGCACCGATTGGCGAAACTCCCCAGTTCCCGCCCCTCCCGACCTCATCGCCCACACCGACTGGCACCGCCCCCGCCCCCGCCCGGTGCCCCGGCCCTGGCCGCGTCCCCGCATCCCCGCTCGTCCCCGCCCGTCCCCGCCTCCTCACTCCCGCCCGGGCCCGCCTCCCTGGCCGCTCTCCGGGTGCCAGCGCCCGCCCTCACCTCGCGTCCGGGGTCCCGGCCCTCACCTCCTGCCCGGTGCCGTCCCCGCCCCCCCTCACCTTCCGGCGGCGCTGCCAACCGCCTGGAGGACGCTGGGGCGAGCAGGCTCTGAACCCCCACTCGCTCAGCCCCAGATCCCCGAGGTCACTGCTGGACGCA,,2.0
cg12516752,chr2,46735,AACCGGAGTCTGCACCGATTGGCGAAACTCCCCAGTTCCCGCCCCTCCCGACCTCATCGCCCACACCGACTGGCACCGCCCCCGCCCCCGCCCGGTGCCCCGGCCCTGGCCGCGTCCCCGCATCCCCGCTCGTCCCCGCCCGTCCCCGCCTCCTCACTCCCGCCCGGGCCCGCCTCCCTGGCCGCTCTCCGGGTGCCAGCGCCCGCCCTCACCTCGCGTCCGGGGTCCCGGCCCTCACCTCCTGCCCGGTGCCGTCCCCGCCCCCCCTCACCTTCCGGCGGCGCTGCCAACCGCCTGGAGGACGCTGGGGCGAGCAGGCTCTGAACCCCCACTCGCTCAGCCCCAGATCCCCGAGGTCACTGCTGGACGCAGGCATTTCCGGGGAGGGGGAGCAGAGGGG,,1.0
cg13187130,chr2,46752,ATTGGCGAAACTCCCCAGTTCCCGCCCCTCCCGACCTCATCGCCCACACCGACTGGCACCGCCCCCGCCCCCGCCCGGTGCCCCGGCCCTGGCCGCGTCCCCGCATCCCCGCTCGTCCCCGCCCGTCCCCGCCTCCTCACTCCCGCCCGGGCCCGCCTCCCTGGCCGCTCTCCGGGTGCCAGCGCCCGCCCTCACCTCGCGTCCGGGGTCCCGGCCCTCACCTCCTGCCCGGTGCCGTCCCCGCCCCCCCTCACCTTCCGGCGGCGCTGCCAACCGCCTGGAGGACGCTGGGGCGAGCAGGCTCTGAACCCCCACTCGCTCAGCCCCAGATCCCCGAGGTCACTGCTGGACGCAGGCATTTCCGGGGAGGGGGAGCAGAGGGGACGTCCCCCCACCTCCC,,1.0
cg18876145,chr2,46998,CCCCTCACCTTCCGGCGGCGCTGCCAACCGCCTGGAGGACGCTGGGGCGAGCAGGCTCTGAACCCCCACTCGCTCAGCCCCAGATCCCCGAGGTCACTGCTGGACGCAGGCATTTCCGGGGAGGGGGAGCAGAGGGGACGTCCCCCCACCTCCCCCGGGCAGGTGCCTCACATCCTTTGAATTCTTAAAGTGACCTCATCGTGTTTGGAAACTTGACTGTTTAATTTTGTCTACCTGAGCTCATATTCTTATTAACAGAAAGGAATAGGACATAAGAGGAAAGAACACGCAGCGCACGCCAGGATCAGCCTACGTGTTGGGTGGCAAGAACGCAGGGCCTCGGATTGGGTCCGACTCGGTCGCTGGCCGGCAGCGGGCGTGGCCGGGCCCGAGGACCGAG,,
cg23548885,chr2,47150,CCCCGGGCAGGTGCCTCACATCCTTTGAATTCTTAAAGTGACCTCATCGTGTTTGGAAACTTGACTGTTTAATTTTGTCTACCTGAGCTCATATTCTTATTAACAGAAAGGAATAGGACATAAGAGGAAAGAACACGCAGCGCACGCCAGGATCAGCCTACGTGTTGGGTGGCAAGAACGCAGGGCCTCGGATTGGGTCCGACTCGGTCGCTGGCCGGCAGCGGGCGTGGCCGGGCCCGAGGACCGAGCTAGGACTCTCAGTGGGGCAGGCTGGGGCCCCAGGCGCGGCTCAGTGGATTTGGAAGAAGCCCAGCCAAGTGTCCAGAATCATTGCTATTTTTACGGTAACCGAGGCAACGGGGAAACCACGAGTTCACCAGGCAGTGGATCAGCCTAGGAA,,
cg15850520,chr2,47236,GCTCATATTCTTATTAACAGAAAGGAATAGGACATAAGAGGAAAGAACACGCAGCGCACGCCAGGATCAGCCTACGTGTTGGGTGGCAAGAACGCAGGGCCTCGGATTGGGTCCGACTCGGTCGCTGGCCGGCAGCGGGCGTGGCCGGGCCCGAGGACCGAGCTAGGACTCTCAGTGGGGCAGGCTGGGGCCCCAGGCGCGGCTCAGTGGATTTGGAAGAAGCCCAGCCAAGTGTCCAGAATCATTGCTATTTTTACGGTAACCGAGGCAACGGGGAAACCACGAGTTCACCAGGCAGTGGATCAGCCTAGGAATGCTAAGAGTCTAAGATAAAATACTTCCCAAACTCCATTATTTCAAAAATTTGGACAAAATACTAAAGTTATCTCTCAGACATGTG,,
cg27106476,chr2,47319,TGGCAAGAACGCAGGGCCTCGGATTGGGTCCGACTCGGTCGCTGGCCGGCAGCGGGCGTGGCCGGGCCCGAGGACCGAGCTAGGACTCTCAGTGGGGCAGGCTGGGGCCCCAGGCGCGGCTCAGTGGATTTGGAAGAAGCCCAGCCAAGTGTCCAGAATCATTGCTATTTTTACGGTAACCGAGGCAACGGGGAAACCACGAGTTCACCAGGCAGTGGATCAGCCTAGGAATGCTAAGAGTCTAAGATAAAATACTTCCCAAACTCCATTATTTCAAAAATTTGGACAAAATACTAAAGTTATCTCTCAGACATGTGAAATGTTCACGTTATCGCGTTGTGAAGACAACTCCGTAACAGGCTGTGCTTTCAGCCTTGTGGTTGAACGCTCCGAGCAGCAG,,
cg20318662,chr2,47452,AAGAAGCCCAGCCAAGTGTCCAGAATCATTGCTATTTTTACGGTAACCGAGGCAACGGGGAAACCACGAGTTCACCAGGCAGTGGATCAGCCTAGGAATGCTAAGAGTCTAAGATAAAATACTTCCCAAACTCCATTATTTCAAAAATTTGGACAAAATACTAAAGTTATCTCTCAGACATGTGAAATGTTCACGTTATCGCGTTGTGAAGACAACTCCGTAACAGGCTGTGCTTTCAGCCTTGTGGTTGAACGCTCCGAGCAGCAGCAGCCCGGAAGGCAGGGAGGGCGACAGGTGCAGATGGGCCCCCAAAGTGGGCACGAACACCTCACCAACGAGGAAGAGGACCGCAGCAGGGTGGTGCTGAGTGGGCCTTGGGGGTCTTTAATCTCCTTGAGCC,,
cg15574509,chr2,47657,GTGAAGACAACTCCGTAACAGGCTGTGCTTTCAGCCTTGTGGTTGAACGCTCCGAGCAGCAGCAGCCCGGAAGGCAGGGAGGGCGACAGGTGCAGATGGGCCCCCAAAGTGGGCACGAACACCTCACCAACGAGGAAGAGGACCGCAGCAGGGTGGTGCTGAGTGGGCCTTGGGGGTCTTTAATCTCCTTGAGCCCCAGCGAAGCAAAATTTCATAGGGATAGTAGCACAACAATAAATCGCCTCCTGAAAGCCAGACCGCCCAGACAGCCTCGTTGGAACATGTAAGACTCATAGGAAAAGGAGTCTAGGCCAATAAAGTAGAGAGTGGGAGAAGAGAAGGAAGGATGCGGGGGTGGGGAGTGAAAGAGAGGGACAGAGATGGAGAAAGGGGGAGCTCC,,
cg23574281,chr2,47716,CAGCAGCCCGGAAGGCAGGGAGGGCGACAGGTGCAGATGGGCCCCCAAAGTGGGCACGAACACCTCACCAACGAGGAAGAGGACCGCAGCAGGGTGGTGCTGAGTGGGCCTTGGGGGTCTTTAATCTCCTTGAGCCCCAGCGAAGCAAAATTTCATAGGGATAGTAGCACAACAATAAATCGCCTCCTGAAAGCCAGACCGCCCAGACAGCCTCGTTGGAACATGTAAGACTCATAGGAAAAGGAGTCTAGGCCAATAAAGTAGAGAGTGGGAGAAGAGAAGGAAGGATGCGGGGGTGGGGAGTGAAAGAGAGGGACAGAGATGGAGAAAGGGGGAGCTCCTGGGTTGCCACAGATGGTTTCCTACAGGATGCGGGAGGATGGGGCCTTGAGGTCTAAAG,,
cg09563102,chr2,47889,AATAAATCGCCTCCTGAAAGCCAGACCGCCCAGACAGCCTCGTTGGAACATGTAAGACTCATAGGAAAAGGAGTCTAGGCCAATAAAGTAGAGAGTGGGAGAAGAGAAGGAAGGATGCGGGGGTGGGGAGTGAAAGAGAGGGACAGAGATGGAGAAAGGGGGAGCTCCTGGGTTGCCACAGATGGTTTCCTACAGGATGCGGGAGGATGGGGCCTTGAGGTCTAAAGTCCAGCCTGCTCTCTGCTTGGCAAGCCTGTTCCCTAAGTCAGAGGAAAAAACCTTTTTAATTGTGTAGCCCAAAGTGTCTTCTTTTCCTAATTTGCACTACTTCATGGGCAACAGCAGCACTTCTAAGACAGAGAACTGCAAAGTACAGGACCTCTGGAATTTGACCCTGGGT,,
cg01329509,chr2,50338,ATACACCATAGAATACTATGCAGCCATTAAAAAAGAGTGAAATCATGTCCTTTGCAGCAACATGCATTTAGCTAGAGGCCATTATCCTAAGCAAACTAATTCAGGAAGAGAAAACCAGATCCCACATATAAGTGGGAGCTAAACATTGAGTACATATAGACACAGAGAACGGAACAATAGATACTGGGGACTGCTTGATCGTGGGAGGGTGAGGAGAGGGCATAGGTTGGAAGGCTATCTGTGGGTACTATGCTCACTATCCTAGTGATGGGATCATTTGTACACCAAGCATCAGTGACCCACAATCTACCCATGTAACAAACCTGCACATGTACTCACTGAACCTAAATTTAAAAAAAAAGTAAAACTACTATAACATTGTATTTAAGACTTACTGCTA,,3.0
cg00762832,chr2,56998,AGCTGGTTGGGGAGTAGTACAGTCAGTCAGAGAGGGGTCTCGAGGCAGAGCTGGGCCTGGGAAGGTACAGTGCTTGTACATGGAATGCTGGGGCCAGCCTGGGGAGGTGGAGCTGGGGCTGGGCTTCAGGGGCTGTGGTGGGAAGTGGGAGAAGTGCCCACTTTTGGACCAGTCAGGAATGCAGCAGTTGTGCCCAGCCCGCTAAGGATACTTGGTCCCTGGGCCTTAGGAGGAGGCTCTGTGCAGGGCTGCCCTGGGCCACATCCCCAGGATCTGCCCCATGTAGGGGTGACTGGTGAGCCTGACACACCTGATGGCAGGCCTGGGGCCCATTATCTGCTCCACCATGGTCTGTCCCTGAGTGCCAGGGCAATGGGAGGAGCTCATGGCAATGTCACCC,,3.0
cg15433159,chr2,60367,CTAGCACCGCAGCTGTGACCTCGGCACCCAAGCTCACACATTGCCCTGCATCTCAAGGAACAGGTGGTTCAGCACAGCAGGGAGGCTGACCCCAGGACAGAGGGAGCCACCATGCATGTTCCCCATGGCCTGGGAGCCACCTGCTCAGGGCTTGTGCTGCCCCTGCTGGTGCCCTTGCTCCTCCAGTGCAGGACTGCCACGTGCTCACTTGCACCATGGAAGGACCCAAGGACTGGCTGCCTGTGGCCTGCCACCACCCCTACCAGTGACTCTGTCCCTTCTAGTGGTGGAGCCATCATGCATCCATACATGATGCCCAAGAGCTCAAAGACCAGCCTGCCTGGAATCCCTGTCCCCAGCAAAGCCATGCCATAGCCTCCAAAAACAACCACAACTTAAG,,1.0
cg11539351,chr2,65925,CTGCAAGACAGTTTTAACTATAGCAGCTGTCTACGGCAGCCCAGGTGCTGTGTAGAGCACCCTGCAAGTCGTTTCTTTAGCTTGGAGGCTTTATAAGGAGAATAAAGGGCTGTGTTGAGACTATCAGAAAGTGCCTTCAGTGAGAGAGACACAGACTGCTGTGGTATACAAAACACACCAAGATGACATGAGGTAGAAACGAGCATCAGACAGGAGTTCCTTCTGTGTGCTGGGTTCTCTAACTGCCCCTCCCAGGATGGGTGAGGGCATTGTTTTTGTTTGGATGTCATTTCTTCTAAGAAACAGAAATTCCCTGGAGTGTGCCATGGGCCTTGCCCTGTGCAGTCTCCTCTGTAATACTTGGTTCTTGCTTCAGGGTTTTCACAACTAACTACAGAGA,,2.0
cg19394756,chr2,68343,GTCACACAAAGAACAGCAATGAACGTCCTGCAAAACTCCCGCTCACCCATGTGTCACACACGGAGAACAGCAATGAACGTCCTGCAAAACTCCCGCTCACCTGTGTGTCACACAAAGAACAGCAATGAACGTCCTGCAAAACTCCCGCTCACCTGTGTGTCACACACAGAGAACAGCAATGAACGTCCTGCAAAACTCCCGCTCACCTGTGTGTCACACACAGAGAACAGCAATGAACATCCTGCAAAAATGCCACTCACCCCTGTGTCACACACAGAACACCAAAGAACGTCCTGTAAAACTCCCGCTCACCCGTGCGTGTCACACACAGAGAACACCAATGAATGTCCTGCAAAACTCCCGCTCATCTGTGTGTCACACAAAGAACAGCAATGAACGT,GTCACACAAAGAACAGCAATGAACGTCCTGCAAAACTCCCGCTCACCCATGTGTCACACACGGAGAACAGCAGTGAACGTCCTGCAAAACTCCCGCTCACCTATGTGTCACACAAAGAACAGCAATGAATGTCCTGAAAAACTCCCGCTCACCTGTGTGTCACACACAGAGAACAGCAATGAACGTCCTGCAAAACTCCCGCTCACCCGTGTGTCACACACAGAGAACAGCAATGAACATCCTGCAAAAATGCCACTCACCCCTGTGTCACACACAGAACACCAAAGAACGTCCTGTAAAACTCCTGCTCACCCGTGCGTGTCACACACAGAGAACACCAATGAATGTCCTGCAAAACTCCCGCTCATCTGTGTGTCACACAAAGAACAGCAATGAACGT,6.0
cg13378252,chr2,69677,AAAAAGGGAAAAGAGACTTCCTGGTACAAAAGAAGCTGCTGAGTCATTTTCCCCGGAACAGAAAACACCAGGATTGTGCGGAAGTCAGGGCTCCGGAGGCACCTGCCCTCAGCAGGGCCAGGGCCACTGGAGAGTGGAGATCCCACACACCTGCCTGAGGTTGCTTTGGGCCCTATGAGGGGCAGTCCAAGAAGCTCCTCGTGTGGAAACATTATCTCATGGTTACCCAGTGGGCACCGAAGCAAGCCAAATCTTTGGTCCACACACAAAGACTCCTTAGGAAAATTATGGGAAGCTGGTCAAAATGATAAAGTAGCACAATTGTTCCTTCTTCACAGGAACCTGGTGTTCTTAATCTTAACACTTCAAATGGTGACATTTTAACCCAGGTGGAGGAAAA,,
cg10137024,chr2,69992,GCACAATTGTTCCTTCTTCACAGGAACCTGGTGTTCTTAATCTTAACACTTCAAATGGTGACATTTTAACCCAGGTGGAGGAAAACATTGGTGTCAAACTGCAGTCACATGTTTGTAATTCTCTCTATAAAACTTTAAAGGCATTGTGTGCATGTTAATCTTCAATAAATGTGATTTATATAGGCAGTTGGCAGTCATACGTTACCTGAACTTGTTCTGACAGGACAGATGAGGTTTCTGGAGCCTAAGGACCTACATCAACAAACCTAATTGTTTTGCCCATGGCTTTTCCAATAAATGAAGGCACTATTGGGAAAAGGGCGATGGCTTGGCGTATTTACTGTGGGTGGTTGAGTGACACGCAGCCTGTGTGATTTAGCGGGAGCTTAATGGTGTCACA,,2.0
cg23744372,chr2,81079,CTCTAAAATTACAGGGGCTTCACATAGCAGGAGTTTCATTTTTCACTCACATAAAGTCCAAAACGGGTGTTCCTAATGAGTAGGGAGACTGGCCAGGGAGACTCTATGACAGGCAGGCTTTCAGGGACCCCCCACCTGAAGGAGACTCTGACTTTAATATGGGGCTTCTAAGAACACAGAGAAGTCAGCTCTGTTAACACGCAGCAGGCAGATGGGGTCAAAGCCAGAGTGGAGGGCCCATGGGGATGCTTTTGTGGGCTGGTGCTGGACGTAGGTGAATCACTCTGTCCATGCTCCATTGCCTGGGACTCAATTGCCTGAGTTCACCGATGCAAGATGAGTTGGCAAATGCAGTAGTCCCTCATGAAGCAGCAATTTTTCAGCAAAATATCTGTATTTT,,4.0
cg11980878,chr2,81500,GGTTGAAAGTTATCCATCTACCCATTCAGGCCCCCACACCGCAGGAAATAGTTAAATATTGTTATCATTAGTGATGATCAATCCAGCAAGTAAAATTTGGAAATAGCTGTCATTTTTTACCACATTAATATGTCTCTTCCTTCTACACAGTTTGCCTTGTAGCCTTGCATCCAGAGATGTGATGTGACCTCTCAAACCACGCTGGGACCGTCTGTGTTCTAGAGAGGCAGAGCAATGCCCCCACATGGTCAGCAGTGCACCCAACTGAATGCTGGGCACCTTCTCATTGCTTAATTCTCCGTCCAGCTAGCAAGTACCTGAAGTGATAAACCCGTGAGTGTTCTAACTGGTAGGTTCTTGTGGAAACCACGAAGCTCTCTAAACTACGGACAAGTACATT,,1.0
cg03843777,chr2,115582,ATGACTAGGGATCCCATAGCCTTGGTTCCCCTTGTCTGCTGCTTATGAAGCAAGATAAACATGCTGCCTCCTCCTGGTGCAGCTCTTGAAATGTTTTGACTTCCTGTCACTGGAGAGGTGTTGACATGCTCAGGGGAATGTTGGTGGAACTCACTCTGCATTCCAATGTGTCATGAATTTAAGGATTATGGTTAGACCACGTCGAAGTCATCACACAGTAGTTACAGCTAATGTCTAGTACTGGTTGGCCCTGGAAACAAAGAAGAGCTTGGAAAAAAAGCAGTTTACAATGCAGAAGGTAGACGGAGCTGTGCTTATTGGATTGGTGGGAAATCAAATGCAGGAAACATGGTGTATTACTTGTTTATTTGGTGTAATGAAGACTACAGTGTCAGCCTCT,,
cg12218398,chr2,124039,ATTAAATACTCACATGAGGTCAGTGCAAAACTGTTTACCAAACAGCACCAATTGCAACTTGTGAGACCTGAGACTACAGGACTCAGTGATATTTTAAGGATTAAATTATAATCAATACATGCATTTCTTAAGTTTTGCACCCCCTTGAATGTCAACTACATATGTTTTTAATTCCACAAATATTTGATGTCACTGACTGCGCTAAGAGAACAAGAAGATGAAGGAAATGCATAAAGTATTAATTGAACTGAGCCTTAAAAATAGCTACAAAATACATATTAGTTCAAACACTCATTAAAATGAGAAGAGTTAAATTCAGAGAACGACATTTCCCAGTTATGATCACACTCCCCAGTGCAAGGTGTTCTATAGCAATGTTTGCCTAACGGCATTTGGTTGA,,2.0
cg22582934,chr2,126777,GCCTTGGCCTCCCAAAGTGCCGAGATTGCAGCCTCTGCCCGGCCGCCACCCCGTCTGGGAAGTGAGGAGCGTCTCTGCCTGGCCGCCCATCGTCTGGGACGTGAGGAGCCCCTCTGCCTGGCTGCCCAGTCTGGAAAGTGAGGAGCGTCTCTGCCCGGCCGCCATCCCATCTAGGAAGTGAGGAGCATCTCTGCCCGGCCGCCCATCGTCTGAGAGGTGGGGAGCACCTCTGCCTGGCAACCGCCCCGTCTGGGAAGTGAGGAGCGTCTCCGCCCGGCAGCCACCCCGTCCGGGAGGGAGGTGGGGGGGTCAGCCCCCCGCCCGGCCAGCCGCCCCGTCCGGGAGGTGAGGGGCTCCTCTGCCCGGCCGCCCCTACTGGGAGGTGAGGACCCCTCTGCCC,,1.0
cg09831367,chr2,133838,AATGGAAAAATTATTATAAATTTGCACAGTAGAATACCGTACAAATGTTACTGGGAGGGGTGCAGGGTCTGTGGCTCTTGCCTTCTTGGAAGAAAGAATTCAGCCAAGAGATGCACAGCAAGGGTTAAGCAGCAGAGTTTCTTGAGGGAAGATAGAGGACAGTTCAAGAAGGGAGTGGGCTGGCCTGACTGGAAAGCAGCGGCAGCAGCGAGGTTTATTTAAAGGGAGAGCACACACTGAATGACAAGGCAGAGCAGGTTGCTGGAGAGAGGGAGTGAGCCAGCAGCAGCCAGTGCTGGGGACTCTCTTTATGAGGATCTTACATGATTATTCATGAAGGGATGTGAGGGGCTGTCACTTGCAATCATGTATTAGGTGGTTCCACATGCTCTATGGCTGT,,
cg23649280,chr2,140451,TCTCTGTTGCTCTGGGGACACCAGAGTGTCGATGAGCTGTAACAGCAGCTGCCTCCAGACTGCAAAGGCTCTTACTTGGACTCTAGGATATTTAGCTTACACTTAACGCAAAGGGCTACTGCTACTTTACGAGTCCTTGCAAGTCTGTAAGACACCATACTCACCGGTGCACCGCCAGACTAGTTATGCACTAGTCTATCGAATTGCACTCCAGGCAGAAGGAACTGTTTGAATCTGACCTTTCTGTTGCCGGATGCTGGCCACGTTTTGCTACAGCACAAGGTGCTCAGTCTGGGTCTGATTCGGCTGATATTCCTGGTCCCAATGCTGACTCAACAGTGCTCAGTGACTGGTCTCGTGCGAGACACATGGGGAGGTTTAAGTTCTCTCAAATGTAAAA,,
cg19745876,chr2,142280,CCAATGGCTTATTCGAGTGTTGTTACTGGTCCTGTTAAAAATAAGATCAACTCCTAGCAAGCATGCTATTTCGCCTTTGGAGTTAACATCTAGTGACCTATGAATTCAGGATTTAAGTTCACTGCTTACCTATAAAGGAAAACACCATAGATGTACTACTTAACTGGGTTGCCATCTTTCTAGGCTTATTCTGCCATCACGTGGCAGATGCTGGAAAAGTCCCCAAGGAGACGTGCTATCAATTTTGACCAGAAAAAAGCTACATAGAGTTCCAGTGACAAGACTGGATGATCATTGTGCTAAGAAAGACCCCGCCAGGGGTGGATCAGGAGGTCAGGAGATCGAGACCATCCTGGCTAACACGGTGAAACCCCGTCTCTGCTAAAAATACAAAAAAAAT,,
cg26251472,chr2,150916,AGTCTCTTTTAAGCTGATAACAACTTAACTTCAATTGCATGCAAACAGTCTTCCTTTTTGCCCCCAACATGTACATTTTCTGTTTTTGATGCCTCACTTTATGTGAAGCACAAGCACATGCAGATCAGTGAAGCTGTGGGGCCTGAGATGGGACACCCCACTGTGGGGCAGTGGTTCTTATGTCCAAGACCTAAGTGCTCGGGAGCGGCAGTTTAGGGTACAGGTCCCTCCTGAGGGACAGGAGTGGGGCTGGTTCACAGGGCAGCGGCTCTGGTGTCTGAGGTGTGGTTGTGCATGGTGTGGCCATGGAGCTAGGACCTGGAGCATGGGTGTGAGTGGAACAGCTTCAGCTTCAGAGTCCAGGGCACATGCAGCGTTCAGGAGGTGGTGGCCTTGGTCC,,
cg02320265,chr2,160894,CCGTGTTTAAAGGTGGATGTGGTCACCTTCCCAGCTAGGCTTAGGGATTCTTAGTTGGCCTAGGAAATCCAGCTAGTCCTGTCTCTCAACAGGACACTGGGTTCCTAGCCTTGTAGTTGTGGCTTCTACGGCATGGAAGGGTCGTGACATGATTCACCAATTCACCACCCCATCTGAGTTTCAACACTTGGCCAGATCACGGCACTGAGCTTCTAACCTTGCAGTTGTAGCTTCTATGGCATGGCAGGGTTCTGGTGTAATTCACCAATTCACCACCCCATCTGAGCTTAAGCACTTGGCCATAGCCATGAGGCTTTGCAGGAGACCAGCCTGTGGAAATCAGTCTTGGACAAGGCAGCTCTTGCAGCTCAAACCTAAACACTTCCTAGGAAATGCTCAA,,2.0
cg27279897,chr2,172201,GTAGTTAAACTATTTTTAACTAGAATTTAAATGCAACATTTTAGGATATGAAGCCCTCAACTCATTTCGAAAACTACTGGCTCAGATGACCTCAGCGATAGGAAACCTCTAAAAGATCATGAGTCTAATCAGATAATTTTCTGTGCCTTTGCCTGAGAGTCTAGCTGAAAGTGGTGCCGTTTTTACAGAAAAGGAATAACGTGTCCTGAACTGGGAACCCTTCACCGGCCACCATTCCTGGAGGCGCTTCACTGTGGAGTTTTGGTCACCAGAGGGCTCCAGGGGACTACTGGGGAAGGCCAGGACATGGAAGAGGGCCTAGAGCCAGGGTTACCCGGGAGGGGGTGGACCCATTTTGCCAAGCACCTGAGGACCAGGCCATACAGAATCCTCTCAAAAC,,
cg20898293,chr2,175753,TCACCTGCACAGCTGGAGGGTTAGCCTGGACAGGGCGATTACAGTCTCTCCTGAACCTCTTCCTTCTCGTCCGTGACTGAATCCTATTCACATGCTATAAGGACCATGGGCTTGTGGAATCCAACTTAGCTTCCTTTAGAACCAAAGGATGCCTCTGTGACACATGCAGAAATGACTTCCTTTTATTTTTCATTCAGTCCGTAGGAAGAGAACAGCTGCAAGAGAGAGAAAGAAAATGTACACGGTGGCTAGGTGGAGACGGCACCTGAAGAGTGAGTTTCATGTTTAGCCCCAACAGTTTATAAACATTCATGTGGTGATTAAAGATATTCCCCAAAACCAGAAAACACAACTGAGTCAGCTTCTGTTAGTGAGCATCACGCTGCAACCCAGGGGCCAG,,
cg15438027,chr2,176531,AATCACCACCGAGTGTCAGTTCTGGTTCAGACTGTGGAGTGAGGGTGTTATTCTTCTTGCATAAAATGTAGTGACTCCACATTGCACCAGTGGCTTGGTAAAAAAGACAAAATTTCTAGGGAATTAGTATCGATTATTTTTAACTATCATAACCTTGGCTTTATTGACACTTTGTATTAAACAGATCTCACTTGCCAAACGCCACAGGATGCAAGCCAACAGACGGGCCCAGAGAGCTCTCGTGAGCCGGAACTGTCACATAAGAAGCAAAACCACGAGAGAGAGAACACCACCCACATCCAACACAGCATAGCCACCCTGAAAGCCTCAGCATGTAAACTTTCGTGGCACCACCCTTTCTTTTAGAAATGTGTTTAGATTTTATAGACTTTTGCTAGAC,,5.0
cg18809991,chr2,191432,CCTCTACCTAGACATAAAAGTTCTCCAAGTCCCCACCGGACTCAGGAACCCAGCTGGTTTCGCCTGGTGGTTCCCGTGCCTGGGCCGCTGGCAGAGCTGCCCGCCAGTTCCCAGCCATGCGCCCAGCACTCCTCAGCCTTTGGGCGGTTGATGAGAGCAGGCGCCACGGAGCAGGGGGCGGTGCCCGTTGGGGAGGCTTCGGCAGCGCGGGAGCCCACGGTGGGGCGGGGGGTGTCAGGCATGGCAGACCACAGTTCTAGAGCCCTGCCCCGCAGGGAGGTGGCTGAGACCCGCAAGAATTTGAGCGTGGTGCGGGAGGGCCGGCAGTGCTGGGGGACCCAGTGCACCCTCTGCAGCTGCAGGCCCAGATGCTAAGCCCCTCACTGCCCGGGCTGGCGGT,,1.0
cg18672716,chr2,193256,CTGGCTGCTGTCAATGGGGCAGTCAAGTCTTCCCAAATCTGAAAACTGCGCTTTTTACATGTTACCACACCAAGGGTCTTTAGCCCTTTGAACACCTTAGCAAGTTCTCCATTTTAACCTAATGGTGCAAAACCAGGGAGGATGCCGTGATGTTAACACTTTTACCACAGAGTATGTTGCAGCCGACGTCTGTTCATTCCGTGGTGAAGCTTGGGGTTTTCCAGTTCTCGGTCCACGAAAATTAGCTGTAAAGGTTTTCTTGCTTGTGGAGGCAGCCGCAGGCCATGTCCGACTTGTCAGCCAGACACAGAAACTAACTTGCACCTCATCCGGCAGCGCTGTGTGGGGCACCCTCCAGTCTGTTTTCGGCCCTGAAACCCGTTAGTCATCCCTGCATTTT,,3.0
cg14384416,chr2,193393,GAGGATGCCGTGATGTTAACACTTTTACCACAGAGTATGTTGCAGCCGACGTCTGTTCATTCCGTGGTGAAGCTTGGGGTTTTCCAGTTCTCGGTCCACGAAAATTAGCTGTAAAGGTTTTCTTGCTTGTGGAGGCAGCCGCAGGCCATGTCCGACTTGTCAGCCAGACACAGAAACTAACTTGCACCTCATCCGGCAGCGCTGTGTGGGGCACCCTCCAGTCTGTTTTCGGCCCTGAAACCCGTTAGTCATCCCTGCATTTTTGCCAGTCCTTTGTGGGCCAGCAGAGGCCTGTGAAGAATTTAAATCCTTAACCGTGCATACTAATGCCTGGAGGCTTCCAGAAGCCCCGTCCAGCTGCGTCTCACCCGGAGCCCAAGGCAACTATAAACAGGCCACA,,3.0
cg18408209,chr2,193509,GTTTTCTTGCTTGTGGAGGCAGCCGCAGGCCATGTCCGACTTGTCAGCCAGACACAGAAACTAACTTGCACCTCATCCGGCAGCGCTGTGTGGGGCACCCTCCAGTCTGTTTTCGGCCCTGAAACCCGTTAGTCATCCCTGCATTTTTGCCAGTCCTTTGTGGGCCAGCAGAGGCCTGTGAAGAATTTAAATCCTTAACCGTGCATACTAATGCCTGGAGGCTTCCAGAAGCCCCGTCCAGCTGCGTCTCACCCGGAGCCCAAGGCAACTATAAACAGGCCACAGAGGCAAAGTTCTGCTGCTCAAAATTACAGCTCCTCCCGGGGACACTATTTCCCTTCTGAAAACATCTGGCTCCCAACGTTTTCTAGCTTTGAGGGAGGCAAAGAGAGGGTTATTT,,3.0
cg24565620,chr2,194026,AAAAAAAAAAAAGTCACTAAGCCTCCAAAAGTATCTTGTTTCTTGCTAGCTCACAACCTGTGTTTAACGGATAACAAAACACATAGAAATTAATTCTTAACCATTGCCCCTGTGGGTGTTTCGTTTGGCTCTGGGTACACAGGGAAGGGAGAGCTGGGCAAAGATGGAGCCGGCGGTTCCTGGACCACCAAACCAAGCACGCTGGAGACCACATCTGCCAAAAGTGTCCCCGTCACACTACAGCAGGAGCAGTGTCTTCCCGGGTTAGGGAGCTTGAAAAGGAAGAACCTTCTGTTGTCGACATGGGCAAATGTGTGACTGTAAATGTCCCAGGAGCCTGTATTGTTATTGTTTGTTATTGCCTGTCTCTGTGATATTGCACTGCACGTCACACGCTCCT,,
cg05393300,chr2,196256,GGCAGAAAAGCACTTTTGTTTTAGGAGGAGGGAGTAACCAAGCCTAGAACACCTGGGTGAGGCATGGAGGGGCCCGTGGCGCAGTGGACAGTGGGCAGGAAATGGGTCAGCCCACTGGGAAGAGATGGAGGGGAGGGTGGGGTCCCCATCGCAGCATTCATGGGTGGGCTTGGCCGAGAGGAGAAGCTGAGTCGAAGTTCGGCTAACAAGTATTTTTTTAAGATAGATCAGTGGAGTCAAAGCAGTTCAGCTACACATCTGTGGGACAAAAATGGGAATGCAGAGGGTCTGATTCTGGCCCTGTCACTGGTGAGTCTTGTCTGTGTCATGTGGGGAAGGTGGTTCTTTTCAGTGGCTGCTGGAGCTCAAAGTTGTGGGAGGGTGGCTCTTAACTTGCCCT,,1.0
cg05666276,chr2,196562,CTGGTGAGTCTTGTCTGTGTCATGTGGGGAAGGTGGTTCTTTTCAGTGGCTGCTGGAGCTCAAAGTTGTGGGAGGGTGGCTCTTAACTTGCCCTCTTTTCCCCATCACAGGGCAGGGGAAAGTCCGATGTTGGCAGTAGTTACTGAAACAGATTTTTGTCCCTGGTGGATTTCATTTGGTGTCCAGAGTTTAACTGTTACGGAGTTCTCTATGCTACAATTTTGTTGAGTTCATATTTCAGGGGCCCTGCTGCTGTGTACGGTGGCCTTCAGCCAGGACGTGTCTTGGCCCTGGCCGTGAGAGCCATCTGGGCTGGGTGAGGCTGTGCCCACCTCAGAGGTGGGGCCAAGGACCTCTGTCTTCTCTGGTGGAAAGAGCCCTTCTCAGGGTCTAAACAGAA,,3.0
cg26353457,chr2,196641,CTCTTAACTTGCCCTCTTTTCCCCATCACAGGGCAGGGGAAAGTCCGATGTTGGCAGTAGTTACTGAAACAGATTTTTGTCCCTGGTGGATTTCATTTGGTGTCCAGAGTTTAACTGTTACGGAGTTCTCTATGCTACAATTTTGTTGAGTTCATATTTCAGGGGCCCTGCTGCTGTGTACGGTGGCCTTCAGCCAGGACGTGTCTTGGCCCTGGCCGTGAGAGCCATCTGGGCTGGGTGAGGCTGTGCCCACCTCAGAGGTGGGGCCAAGGACCTCTGTCTTCTCTGGTGGAAAGAGCCCTTCTCAGGGTCTAAACAGAAACATGGGAGCTTTTGTGAAACCATTATAATCTCCTGGGAACAGAAGCTTAAGGGTTTTAGTCTCTTGATTTTTAGTATT,,2.0
cg02186315,chr2,197471,AGTGAGAGCAAATGAACATCCAGGTTATGTATTCTTACTCTATTAATTTCTACTTGAACTCATTTTTAATGTGTTTTTACTAATATTAAGAAAATAAGCCATGATATAAAGTGTTGGAAAGGAAAACCCTGACTGCACACCCCAGCCCCGTAACAGAACACAGAAACGCGCAGGGCCTTTTCCCTTCTGTCTGCCTTTCCGGCCTCTGGACACAGAAACGCGCGGGGCCTTTTCCCTTCTGTCTGCCTTTCCGGCCTCTTGACATGGAAACACGCGGAGCGTTTTCCCTTCTGTCTTCCTTTCCGGCCTGTTGACATGGAAACGCGCGGAGCCTTTTCCCTTCTGTCTGCCTTTCCGGCCTGTTGACGTGGAAACGCGCGGGGCCTTTTCCCTTCTGTCT,,1.0
cg10247978,chr2,197551,TAATATTAAGAAAATAAGCCATGATATAAAGTGTTGGAAAGGAAAACCCTGACTGCACACCCCAGCCCCGTAACAGAACACAGAAACGCGCAGGGCCTTTTCCCTTCTGTCTGCCTTTCCGGCCTCTGGACACAGAAACGCGCGGGGCCTTTTCCCTTCTGTCTGCCTTTCCGGCCTCTTGACATGGAAACACGCGGAGCGTTTTCCCTTCTGTCTTCCTTTCCGGCCTGTTGACATGGAAACGCGCGGAGCCTTTTCCCTTCTGTCTGCCTTTCCGGCCTGTTGACGTGGAAACGCGCGGGGCCTTTTCCCTTCTGTCTGCCTTTCCGGCCTGTTGACGTGGAGACGCGCGGGGCCTTTTCCCTTCTGTCTGCCTTTCCGGCCTGTTGACGTGGAGACG,,1.0
cg20804581,chr2,197575,TATAAAGTGTTGGAAAGGAAAACCCTGACTGCACACCCCAGCCCCGTAACAGAACACAGAAACGCGCAGGGCCTTTTCCCTTCTGTCTGCCTTTCCGGCCTCTGGACACAGAAACGCGCGGGGCCTTTTCCCTTCTGTCTGCCTTTCCGGCCTCTTGACATGGAAACACGCGGAGCGTTTTCCCTTCTGTCTTCCTTTCCGGCCTGTTGACATGGAAACGCGCGGAGCCTTTTCCCTTCTGTCTGCCTTTCCGGCCTGTTGACGTGGAAACGCGCGGGGCCTTTTCCCTTCTGTCTGCCTTTCCGGCCTGTTGACGTGGAGACGCGCGGGGCCTTTTCCCTTCTGTCTGCCTTTCCGGCCTGTTGACGTGGAGACGCGCGGGGCCTTTTCCCTTCTGTCT,,1.0
cg21211680,chr2,198530,CCTTTTCCCTTCTGTCTGCCTTTCCGGCCTGTTGACGTGGAGACGCGCGGGGCCTTTTCCCTTCTGTCTGCCTTTCCGGCCTGTTGACGTGGAGACGCGCGGGGCCTTTTCCCTTCTGTCTGCCTTTCCGGCCTGTTGACGTGGAGACGCGCGGGGCCTTTTCCCTTCTGTCTGCCTTTCCGGCCTGTTGACACGGAGACGCGCGGGGCCTTTTCCCTTCTGTCTTCCTTTCCGGCCTCTTGACGTAGTCTACTTTTACTCAGCTCCTGTCATAGTGCTTGTAAGGTCGTGTATCCTAAATTTTCTCTAAATGATATATCATAAGCACTTTTCTATGTTGTCATTTAGTTGTAGTAATCAACATTTTAATGACTAAGTGATATTTCAGAGCATTTCAACA,CCTTTTCCCTTCTGTCTGCCTTTCCGGCCTGTTGACGTGGAGACGCGCGGGGCCTTTTCCCTTCTGTCTGCCTTTCCGGCCTGTTGACGTGGAGACGCGCGGGGCCTTTTCCCTTCTGTCTGCCTTTCCGGCCTGTTGACGTGGAGACGCGCGGGGCCTTTTCCCTTCTGTCTGCCTTTCCGGCATGTTGACACGGAGACGCGCGGGGCCTTTTCCCTTCTGTCTTCCTTTCCGGCCTCTTGACGTAGTCTACTTTTACTCAGCTCCTGTCATAGTGCTTGTAAGGTCGTGTATCCTAAATTTTCTCTAAATGATATATCATAAGCACTTTTCTATGTTGTCATTTAGTTGTAGTAATCAACATTTTAATGACTAAGTGATATTTCAGAGCATTTCAACA,1.0
cg05787869,chr2,244027,TATTGAAAATAATGTGTGTTTTGCCTACCTTGTATAGTGCCCTAAAAACAGTGGCTTGTTATTCAGAAGAATGTTACAGTGAGGTGGGCTTTACCACCCAAGCACCTGTGAAACCAAGAACAAGTAACTTTCCTGAACCTTTCTTTTTTCCCTATTGAGGGATGTGCAGACAAGACAGACTACAGGGAACTCTGTCTTTCGAATAACATGCTGCCTGGATGTGGGAGCAGACGCTTCCCAATCTGCCCCTCTCTGGCTGCCTCCTACTGGAGAATTCTCCTGGCTTAGCTATTTTACGGATAAAATGAGAGCGATGACAACCACCTTCCATGGCTATGAAAATGATTCCATAATAGCATGTGTACAAGTTTTGTAAAAAAAAAAAATGGCCTGGAGCGGT,,
cg23391367,chr2,244124,CCAAGCACCTGTGAAACCAAGAACAAGTAACTTTCCTGAACCTTTCTTTTTTCCCTATTGAGGGATGTGCAGACAAGACAGACTACAGGGAACTCTGTCTTTCGAATAACATGCTGCCTGGATGTGGGAGCAGACGCTTCCCAATCTGCCCCTCTCTGGCTGCCTCCTACTGGAGAATTCTCCTGGCTTAGCTATTTTACGGATAAAATGAGAGCGATGACAACCACCTTCCATGGCTATGAAAATGATTCCATAATAGCATGTGTACAAGTTTTGTAAAAAAAAAAAATGGCCTGGAGCGGTGGCTCACGCCTTTAATCCCAGCACTTTGGGAGGCCGAGGCAGGCGGATCACGAGGTCAGGAGATCGAGACTATCCTGGCTGACACAGTGAAACCCCA,,
cg06674821,chr2,247054,TTACAACTATGTCAACAGGGCAAATCTACAAAGGATAGCTTAGGAAGAAATGGACTGAAATTTGAGAAGAAAATGAGTTGAGCATACCAGGAGATTCAATTTCCAGGCCCTTGCAAAACGACAGACTGAAGATGAGCATCAGCCCTAAGAGGATCCCCGTGTAGGAGGCCTCTGTGAGTGTGCATGTCTGCCCGACAGACGCCACAATCCCAGGAGCAACATTATAAACTGAAATAACGTGAAGTTCTTCTTTACTTAAAGAATGTGGAGGGATTTGAATATCATATGTTACAAAACTGGATTTTGCCACAAATGATGATGCACTGCCCACGTAATTTCAATGCCCACTGAAGGAGAACAGTGGCTTTGCCATGAGCAGTCCATAAACTGCCAATGACAG,,1.0
cg14025123,chr2,249839,CCTGTCCTACTCGCTATGCAATGTGTTCACATGAAAACAGACAGAACAAAGAATGAAGACTCTCTACTCCAGTGAACAGACGCCAACTTACTTCCATCTGGAAGGCGCGCCACTACAATCCCGCTGCCTCCTCTGGCAGTCACCAGGAACCCGGCTTTGATCACAGACAGAATTGCAAGGCCTTTAGCCTTCGCAATTACGTGAGCTGTTAACGTGGAAAACAATGGGAAGGTAAGCATTTTGATCTATGTGCCTGGATAGACGAGCAAGTGTTAAACAGAGTCAGTGTACACAGAGGTTATCTCTAGGAATTCGGGGCACACAGGAGCAATGAACAAAAGTCAGTCACTCAACAGATGGGCACGAGGCCTCTCTATTCCCATGAATGTTTTTTGTGTTT,,1.0
cg03299269,chr2,250003,AGACAGAATTGCAAGGCCTTTAGCCTTCGCAATTACGTGAGCTGTTAACGTGGAAAACAATGGGAAGGTAAGCATTTTGATCTATGTGCCTGGATAGACGAGCAAGTGTTAAACAGAGTCAGTGTACACAGAGGTTATCTCTAGGAATTCGGGGCACACAGGAGCAATGAACAAAAGTCAGTCACTCAACAGATGGGCACGAGGCCTCTCTATTCCCATGAATGTTTTTTGTGTTTGCTATTTTTGCAGTGCTAAACACAACATCATAAATATCCTCACATCCTGTAACTGACAAAATAAATTAGATATTTGAAAGAGATTTTATTGCTATCTATTAGCAGGGCAAATATTTTGGCAATTTCAATTAATTTAGGATATAGTACATAAAAGATAAAAGCTA,,1.0
